model,split,accuracy,precision,recall,f1,roc_auc,eer,loss
cnn,test,0.9817117776152158,0.9990366088631984,0.9773798303487277,0.9880895664602192,0.9992981248421455,0.00809062236267423,0.04155768302325635
cnn,generalization_test,0.9913621262458472,0.9991087344028521,0.9894086496028244,0.9942350332594235,0.999133995767256,0.0035506173542502752,0.02988295956644873
