model,split,accuracy,precision,recall,f1,roc_auc,eer,loss
cnn_lstm,test,0.9945135332845647,0.9990525817148271,0.9938737040527804,0.9964564138908576,0.9995918882790313,0.0035190010657106313,0.01813771099314753
cnn_lstm,generalization_test,0.9966777408637874,1.0,0.9955869373345102,0.9977885891198585,0.9999976273856637,0.00044130626654897975,0.0074042175900140015
